{"transformer.h.0": [0.006320934390547203, -0.000115123221544701, 0.0004783163265306304, -0.0006113440040650262, -0.0002564709595959506, -0.9714348905829974, -0.08027733508869182, -0.028005619802494768, -0.9567977781218242, 2.7958844580797076e-05, -0.18364681295715776, 0.00023674242424243322, 0.0004053280773143592, -0.0003729585427135634, 2.7958844580797076e-05, 0.000902053662258408, 0.0038789335664335843, 0.0026770444651740694, 0.003891674440298448, -0.009779283216783199], "transformer.h.1": [-0.00035953047263687554, -0.0006113440040650262, -1.9929846938757385e-05, -0.0006113440040650262, -0.0002564709595959506, -0.3242817540322581, -0.018565514135255014, -0.010240709459459424, -0.9903314481905805, -0.00047130623721879393, -0.05558140673981187, 0.00023674242424243322, 0.000902053662258408, -0.0008636934673366789, -0.00047130623721879393, 0.0004053280773143592, 0.0033098412004662183, 0.00024778451492531346, -0.0015741604477612537, 0.016398965617715637], "transformer.h.2": [-0.017971665111940358, -0.000115123221544701, -1.9929846938757385e-05, -0.0006113440040650262, -0.0007496843434343345, -0.1735971102150538, -0.004490888303769428, -0.005672589656964622, -0.6690207380589431, 0.001026489008179979, -0.03823390151515148, -0.0002564709595959506, 0.0004053280773143592, -0.0008636934673366789, 0.000527223926380388, 0.0004053280773143592, -0.00010471299533797774, -0.007039995335820955, -0.012505830223880656, 0.02152079691142193], "transformer.h.3": [-0.0210082400497513, -0.000115123221544701, -0.0010164221938775329, -0.000115123221544701, -0.0007496843434343345, -0.17202200940860218, -0.0034082247782705366, -0.005672589656964622, -0.3896484375, 0.001026489008179979, -0.03211125261233016, -0.0002564709595959506, -9.139750762968963e-05, -0.0003729585427135634, 0.000527223926380388, -0.0005881230925737385, -0.005795636655011638, -0.00946925528606971, -0.007039995335820955, 0.02721172057109559], "transformer.h.4": [-0.019793610074626926, -0.0006113440040650262, -0.0005181760204081452, -0.0006113440040650262, -0.0007496843434343345, -0.17989751344086025, -0.005032220066518873, -0.005672589656964622, -0.4486987106199187, 0.00152575408997957, -0.03364191483803549, -0.0002564709595959506, -9.139750762968963e-05, -0.0003729585427135634, 2.7958844580797076e-05, -0.0005881230925737385, -0.00408835955710954, -0.006432680348258766, -0.00400342039801001, 0.030057182400932417], "transformer.h.5": [-0.004610735385572199, -0.0011075647865853514, -0.0010164221938775329, -0.000115123221544701, -0.0017361111111111021, -0.18829805107526887, -0.0017842294900221995, -0.005165020790020755, -0.30181735899390244, 0.001026489008179979, -0.03211125261233016, -0.0007496843434343345, -0.0005881230925737385, -0.0003729585427135634, -0.00047130623721879393, -9.139750762968963e-05, -0.0012428977272727097, -0.01068388526119409, -0.014935090174129412, 0.019813519813519833], "transformer.h.6": [-0.004610735385572199, -0.0011075647865853514, -0.0010164221938775329, -0.000115123221544701, -0.0012428977272727184, -0.18934811827956993, -0.005032220066518873, -0.006180158523908489, -0.27452521595528456, 0.001026489008179979, -0.031090811128526605, -0.0007496843434343345, -0.0005881230925737385, -0.0003729585427135634, -0.00047130623721879393, 0.0004053280773143592, 0.00046437937062938824, -0.013720460199005033, -0.013720460199005033, 0.01582987325174827], "transformer.h.7": [-0.020400925062189112, -0.0011075647865853514, -0.0005181760204081452, -0.0006113440040650262, -0.0012428977272727184, -0.20614919354838715, -0.004490888303769428, -0.006180158523908489, -0.2953664888211382, 0.002025019171779161, -0.02496816222570529, -0.0002564709595959506, -9.139750762968963e-05, 0.0001177763819095522, 0.001026489008179979, 0.000902053662258408, -0.00408835955710954, -0.027081389925373192, -0.018578980099502547, 0.020382612179487197], "transformer.h.8": [-0.01614972014925379, -0.002100006351626002, 0.0009765625000000182, -0.0006113440040650262, -0.0002564709595959506, -0.19197328629032262, -0.003949556541019982, -0.007195296257796223, -0.2998324758638211, 0.0040220794989775255, -0.031601031870428384, 0.0012231691919192009, 0.0018955048321465057, 0.0006085113065326678, 0.002524284253578752, 0.0023922304170905548, 0.007862580128205145, -0.07263001399253737, -0.02283018501243787, 0.022089889277389297], "transformer.h.9": [0.011179454291044716, -0.0060697726117886035, 0.0024713010204081816, -0.000115123221544701, -0.0012428977272727184, -0.1678217405913979, 0.004170419900221703, -0.010240709459459424, -0.32861328125, 0.002524284253578752, -0.02751926593521417, 0.0017163825757575846, 0.0013987792472024568, 0.0001177763819095522, -0.00047130623721879393, 0.000902053662258408, -0.014901114510489493, -0.051373989427860756, 0.009357509328358148, 0.009569857226107243], "transformer.h.10": [0.019681864116915363, -0.006565993394308928, 0.0024713010204081816, -0.0016037855691056766, -0.0012428977272727184, -0.11741851478494628, -0.0001602342017738625, -0.006180158523908489, -0.3196813071646341, 0.002025019171779161, -0.035682797805642597, 0.0017163825757575846, 0.0013987792472024568, 0.0006085113065326678, -0.001469836400817976, 0.000902053662258408, -0.011486560314685297, -0.07445195895522394, 0.015430659203980039, -0.012624745046620029], "transformer.h.11": [0.009357509328358148, -0.011528201219512181, 0.003467793367346957, -0.005077331046747953, -0.0012428977272727184, -0.32795698924731187, 0.01337305986696228, -0.004657451923076888, -0.749780670414126, 0.001026489008179979, -0.019865954806687527, 0.0017163825757575846, 0.0018955048321465057, 0.0010992462311557834, -0.001469836400817976, 0.0018955048321465057, 0.00046437937062938824, -0.08052510883084582, 0.03243547885572133, -0.01376292977855476], "transformer.h.12": [0.05247687344527357, -0.026414824695121936, 0.0009765625000000182, -0.007558434959349579, -0.02343749999999999, -0.7747605846774194, -0.11005058203991133, -0.07013383575883572, -0.9398952577172256, -0.021440439672801615, -0.00813087774294667, -0.05549636994949494, -0.040822895473041694, 0.0025714510050251303, -0.009957342791411023, -0.002078299847405885, -0.02400659236596735, -0.05866176927860702, 0.13750097170398004, -0.05644485722610721], "transformer.h.13": [0.059157338308457645, -0.09538951346544715, -0.012974330357142839, -0.019467733739837383, -0.26461884469696967, -0.9780634398101479, -0.8543817558203991, -0.18230655535343032, -0.9903624619894881, -0.07586033358895704, -0.3112019984326019, -0.4623974116161616, -0.46751017293997965, 0.0001177763819095522, -0.012952933282208569, -0.2693166645473042, -0.07522490530303029, -0.07931047885572144, 0.1059205923507462, -0.07977764423076922], "transformer.h.14": [0.05186955845771138, -0.07851800685975609, -0.02642697704081631, -0.023437499999999986, -0.4258996212121212, -0.9720747752856183, -0.915213912659368, -0.21377582510395007, -0.9923822356433403, -0.13028022750511245, -0.36936716300940436, -0.7252801452020202, -0.4883726475076297, -0.0018451633165829102, -0.010955872955010205, -0.4595625635808749, -0.08774493735431234, -0.2147417210820896, 0.08466456778606958, -0.10026496940559439], "transformer.h.15": [0.03911594371890541, -0.07851800685975609, -0.03041294642857141, -0.028895928607723564, -0.52700836489899, -0.9665783297631049, -0.9404873393327328, -0.24676780145530142, -0.9947547912597656, -0.15574274667689159, -0.41528702978056425, -0.8214567550505051, -0.5330779501525941, -0.0018451633165829102, -0.010955872955010205, -0.4995489731688708, -0.10197224650349648, -0.2912634095149254, -0.04651546952736324, -0.10709407779720279],