{"transformer.h.0": [-0.9999984920926415, -0.9999990921498617, -0.99999644962576, -0.999998293426589, -0.9999926637410209, -0.9999989160784586, -0.9999978316600615, -0.9999995983007048, -0.9999901613466714, -0.9999961139304306, -0.9999501315992134, -0.9999986445785545, -0.9999975734684426, -0.9999992089303247, -0.9999976051003296, -0.99999878294379, -0.9999981089669372, -0.9999954485222696, -0.9999958959674471, -0.9999951257845995, -0.9999983726143054, -0.9999991225907988, -0.999997881563114, -0.9999990945823181], "transformer.h.1": [-0.9999994973642138, -0.9999994413229919, -0.9999976738927393, -0.999998293426589, -0.9999968209544424, -0.999998976296322, -0.9999988435520328, -0.9999992635512922, -0.9999968009286723, -0.9999980261233933, -0.9999742377265309, -0.9999982133080946, -0.9999991680463232, -0.9999992089303247, -0.9999981723134094, -0.99999903916615, -0.9999978039616044, -0.9999962071018914, -0.9999977901363176, -0.9999974136816242, -0.9999989753497478, -0.9999994359512279, -0.9999976765530927, -0.9999995061358099], "transformer.h.2": [-0.9999985638977539, -0.9999990223152357, -0.9999986533063228, -0.9999978509816305, -0.9999953537026466, -0.9999978321569172, -0.9999991326640246, -0.9999988618519972, -0.9999904027860169, -0.9999985812761889, -0.9999878549282217, -0.9999978436477004, -0.9999995146936885, -0.9999996957424326, -0.9999995588342713, -0.99999903916615, -0.9999983529712033, -0.999997655299351, -0.9999960222453718, -0.9999846810373126, -0.999999276717469, -0.9999983078536835, -0.9999948747494692, -0.9999996707572065], "transformer.h.3": [-0.9999993537539892, -0.9999993714883658, -0.9999976738927393, -0.9999996839678869, -0.9999961688425332, -0.9999990967320488, -0.999998554440041, -0.999999866100235, -0.999998370284418, -0.9999990747453407, -0.9999947862065598, -0.9999988910188173, -0.999999930670527, -0.999999878296973, -0.9999998739526489, -0.99999987188882, -0.9999993899893346, -0.9999959312547562, -0.9999988003597153, -0.999988958410011, -0.9999995780851902, -0.999999373279142, -0.9999980865731352, -0.9999996707572065], "transformer.h.4": [-0.9999842028752921, -0.9999917595141298, -0.9999797995948411, -0.9999782569906145, -0.9999385384525531, -0.9999943997387026, -0.9999919048642297, -0.9999978576037593, -0.9999406059210102, -0.9999966073995823, -0.9999467579681638, -0.9999518825386846, -0.9999990987168501, -0.9999975050879472, -0.999997542076654, -0.99999948755528, -0.9999975599573383, -0.9994968548254457, -0.9999976007194306, -0.9999499646868067, -0.9999908986948186, -0.9999994359512279, -0.9999972665330502, -0.9999967898827641], "transformer.h.5": [-0.9994841520731752, -0.9999846363822759, -0.9998927542126108, -0.9999655524996655, -0.9999099270425348, -0.9999793452728496, -0.9999741967547323, -0.9999959830070486, -0.9998401671532877, -0.9999737844513175, -0.9990499854964534, -0.9995687295400673, -0.9999916804632318, -0.9999832049822786, -0.9999894750461853, -0.9999972456096299, -0.999987067773893, -0.9988756470770376, -0.9999966536349953, -0.9998683961841857, -0.9999725755373673, -0.9999944221843641, -0.9999777222443595, -0.9999894642306102], "transformer.h.6": [-0.998681083697116, -0.9999787004390642, -0.9997164597675876, -0.9998690362923062, -0.9999404132742922, -0.9999754311117277, -0.9999754254806975, -0.9999816557321887, -0.9988642693188295, -0.999833947630463, -0.9939662301985492, -0.998525301467293, -0.9999790624991334, -0.9998271817017065, -0.9999145398959719, -0.9999650897034482, -0.9999644363782056, -0.9933531874308874, -0.9999945069102752, -0.9997499229078176, -0.9999531071825752, -0.9999939208076777, -0.9999750571140835, -0.9999821385784564], "transformer.h.7": [-0.9945910645000192, -0.9999349141285505, -0.9996510839108915, -0.9997912923924687, -0.9997942586926314, -0.9999167186949006, -0.9999060386026668, -0.9999717471495753, -0.9982452188370011, -0.9996007834562987, -0.9913163963560123, -0.9978904713502721, -0.9999620767782317, -0.9995545669212998, -0.9997758878097905, -0.9996720353791835, -0.999805406597729, -0.9928588693646585, -0.9999816265619553, -0.9996597996597997, -0.9999031404143939, -0.9999404615184933, -0.9997384072129086, -0.9999519305521591], "transformer.h.8": [-0.9709378860646741, -0.9995941211535786, -0.9981567436359235, -0.9997789039336328, -0.999809746350476, -0.9996037664587464, -0.9999036534287346, -0.9999740234455811, -0.9962393407546959, -0.9985768349665826, -0.9803087902901255, -0.9931943057019993, -0.9997793936166968, -0.998855017922292, -0.9995063985731945, -0.9992144222442004, -0.999556644248368, -0.9951583310834551, -0.9999051021395837, -0.9996098638203902, -0.9994445190162128, -0.9999383306675762, -0.999533123844982, -0.9998557093457789], "transformer.h.9": [-0.9817833302277622, -0.9998578167014257, -0.9985778914768124, -0.999967195866654, -0.9993687556718452, -0.9988399630792236, -0.9998125108733213, -0.9999487163899874, -0.9913931702120827, -0.9995349053245507, -0.9834650368225695, -0.9963842284639243, -0.9994869618992948, -0.9984305177642302, -0.9993793428433119, -0.9976079080469195, -0.9992694512270852, -0.9937459937513727, -0.9997527478234264, -0.9993168140536561, -0.9991875126235404, -0.9999473554479309, -0.9996022805588108, -0.9997221190823443], "transformer.h.10": [-0.9705702438896542, -0.9991027647249102, -0.9947190019579701, -0.9998972895632228, -0.9997486108589838, -0.9948973791258872, -0.9999643669470113, -0.9999104210571842, -0.9957429414603749, -0.9990214506722376, -0.9896833135730562, -0.9964414026048982, -0.9992124171859444, -0.9930600065902189, -0.9985186915301789, -0.9909563755809842, -0.9990679037032284, -0.9831667044232433, -0.9997432769790734, -0.9986025922868028, -0.9982245824806385, -0.9998574836768985, -0.999434172341401, -0.9993243937878798], "transformer.h.11": [-0.9972197060514117, -0.9997867250521385, -0.9958512040604528, -0.9999264277240562, -0.9998452049355416, -0.9985239397320353, -0.9999037979847304, -0.9999633784142599, -0.9973460987144079, -0.9995743828566843, -0.9973972743146637, -0.9973522458162761, -0.9996442011442136, -0.9978210290051781, -0.9989371687357445, -0.9977800894728481, -0.9994246379403697, -0.995559964512266, -0.9997514850441793, -0.9996954112743587, -0.9992617696300536, -0.9999053024783614, -0.9996733506995045, -0.9997283746954195], "transformer.h.12": [-0.7408857950459499, -0.9538756262070915, 0.005928267994000602, -0.9461501505229352, -0.10386259741227322, -0.684038315903875, -0.9313162423333824, -0.9993524607362372, -0.9996549831752992, -0.5181846158154519, -0.008090641982973714, -0.55636021039591, -0.8707920476321211, -0.01397570625027193, -0.35412127255136794, -0.04968971472202436, -0.022546238198428662, -0.9999922762802151, -0.7950458770857404, -0.9918956718956718, -0.09098623008690179, -0.7672970413072344, -0.9226756869253697, -0.9027337769934849], "transformer.h.13": [-0.666769132561931, -0.9727365620022537, -0.11793229142500146, -0.939807259598954, 0.07910435363767994, -0.6958776295936595, -0.9613653863125277, -0.9999155092482559, -0.9999389762054282, -0.21524982523481576, 0.01803868254432384, -0.11928164634910457, -0.6748503176676456, 0.015934029657202125, -0.15380077195179218, 0.047387813039668346, 0.01693170003384339, -0.9999684844648066, -0.6723320205269818, -0.9974375553322922, -0.03716629476885307, -0.5387013604292336, -0.8920258687111724, -0.915250271028552], "transformer.h.14": [-0.7597090744069706, -0.9678380819947898, -0.40627165039636254, -0.9772820947518632, 0.03970636052838346, -0.5197678384581144, -0.9538531003177413, -0.999894018335966, -0.9999762785843059, -0.20514357700860605, 0.011003864402359113, -0.0814284219801549, -0.7735311164541026, 0.01792801205103373, -0.03402150355204586, 0.05735793751249084, 0.015932258559608656, -0.9999927590127017, -0.7124176849455436, -0.9988723651881547, -0.03272244689855547, -0.4480845436409862, -0.8344350002402035, -0.9538954731502913],