{"transformer.h.0": [0.6666666666666666, 0.8333333333333334, 1.0, 1.0, 1.0], "transformer.h.1": [0.625, 0.8333333333333334, 0.9583333333333334, 1.0, 1.0], "transformer.h.2": [0.875, 0.9583333333333334, 1.0, 1.0, 1.0], "transformer.h.3": [0.875, 0.9166666666666666, 1.0, 1.0, 1.0], "transformer.h.4": [0.875, 1.0, 1.0, 1.0, 1.0], "transformer.h.5": [0.9166666666666666, 1.0, 1.0, 1.0, 1.0], "transformer.h.6": [0.875, 1.0, 1.0, 1.0, 1.0], "transformer.h.7": [0.9166666666666666, 1.0, 1.0, 1.0, 1.0], "transformer.h.8": [0.9166666666666666, 0.9583333333333334, 0.9583333333333334, 1.0, 1.0], "transformer.h.9": [0.875, 0.9583333333333334, 1.0, 1.0, 1.0], "transformer.h.10": [0.875, 0.9583333333333334, 0.9583333333333334, 1.0, 1.0], "transformer.h.11": [0.9166666666666666, 0.9583333333333334, 0.9583333333333334, 0.9583333333333334, 1.0], "transformer.h.12": [0.9166666666666666, 0.9583333333333334, 0.9583333333333334, 1.0, 1.0], "transformer.h.13": [0.8333333333333334, 0.9166666666666666, 0.9166666666666666, 0.9583333333333334, 1.0], "transformer.h.14": [0.9166666666666666, 0.9166666666666666, 0.9583333333333334, 1.0, 1.0], "transformer.h.15": [0.9166666666666666, 0.9583333333333334, 0.9583333333333334, 1.0, 1.0], "transformer.h.16": [0.6666666666666666, 0.875, 1.0, 1.0, 1.0], "transformer.h.17": [0.7916666666666666, 1.0, 1.0, 1.0, 1.0], "transformer.h.18": [0.4166666666666667, 0.6666666666666666, 0.75, 0.875, 0.9166666666666666], "transformer.h.19": [0.4583333333333333, 0.875, 1.0, 1.0, 1.0], "transformer.h.20": [0.6666666666666666, 1.0, 1.0, 1.0, 1.0], "transformer.h.21": [1.0, 1.0, 1.0, 1.0, 1.0], "transformer.h.22": [1.0, 1.0, 1.0, 1.0, 1.0], "transformer.h.23": [1.0, 1.0, 1.0, 1.0, 1.0]}