{"transformer.h.0": [[0.4090909090909091, 0.5454545454545454, 0.6818181818181818, 0.7727272727272727, 0.8636363636363636], [0.7727272727272727, 1.0, 1.0, 1.0, 1.0], [0.22727272727272727, 0.36363636363636365, 0.5, 0.5454545454545454, 0.6363636363636364], [0.5909090909090909, 0.8181818181818182, 0.9545454545454546, 0.9545454545454546, 0.9545454545454546], [0.5909090909090909, 0.7727272727272727, 0.8636363636363636, 0.9090909090909091, 1.0], [1.0, 1.0, 1.0, 1.0, 1.0], [0.4090909090909091, 0.5454545454545454, 0.6363636363636364, 0.6818181818181818, 0.6818181818181818], [1.0, 1.0, 1.0, 1.0, 1.0], [0.7272727272727273, 0.9545454545454546, 1.0, 1.0, 1.0], [0.5909090909090909, 0.8636363636363636, 1.0, 1.0, 1.0]], "transformer.h.1": [[0.45454545454545453, 0.5454545454545454, 0.7727272727272727, 0.9545454545454546, 1.0], [1.0, 1.0, 1.0, 1.0, 1.0], [0.22727272727272727, 0.36363636363636365, 0.5454545454545454, 0.5909090909090909, 0.5909090909090909], [0.5, 0.7727272727272727, 0.9545454545454546, 0.9545454545454546, 1.0], [0.5909090909090909, 0.6818181818181818, 0.8636363636363636, 1.0, 1.0], [1.0, 1.0, 1.0, 1.0, 1.0], [0.4090909090909091, 0.5909090909090909, 0.6818181818181818, 0.7272727272727273, 0.7727272727272727], [1.0, 1.0, 1.0, 1.0, 1.0], [0.8636363636363636, 1.0, 1.0, 1.0, 1.0], [0.5454545454545454, 0.9090909090909091, 1.0, 1.0, 1.0]], "transformer.h.2": [[0.7272727272727273, 0.9545454545454546, 1.0, 1.0, 1.0], [0.9090909090909091, 1.0, 1.0, 1.0, 1.0], [0.4090909090909091, 0.5, 0.5909090909090909, 0.7272727272727273, 0.7272727272727273], [0.7272727272727273, 0.8636363636363636, 0.9545454545454546, 0.9545454545454546, 0.9545454545454546], [0.6818181818181818, 0.7272727272727273, 0.8636363636363636, 0.9545454545454546, 1.0], [0.9090909090909091, 0.9090909090909091, 1.0, 1.0, 1.0], [0.5909090909090909, 0.6818181818181818, 0.8636363636363636, 0.8636363636363636, 0.8636363636363636], [0.9545454545454546, 1.0, 1.0, 1.0, 1.0], [0.9090909090909091, 0.9545454545454546, 0.9545454545454546, 1.0, 1.0], [0.6818181818181818, 0.9090909090909091, 1.0, 1.0, 1.0]], "transformer.h.3": [[0.7272727272727273, 0.9545454545454546, 1.0, 1.0, 1.0], [0.8636363636363636, 0.9545454545454546, 1.0, 1.0, 1.0], [0.45454545454545453, 0.5, 0.5909090909090909, 0.7272727272727273, 0.7272727272727273], [0.6363636363636364, 0.9545454545454546, 0.9545454545454546, 0.9545454545454546, 0.9545454545454546], [0.5, 0.6818181818181818, 0.7272727272727273, 0.9545454545454546, 1.0], [0.8636363636363636, 1.0, 1.0, 1.0, 1.0], [0.6363636363636364, 0.7272727272727273, 0.8636363636363636, 0.8636363636363636, 0.8636363636363636], [0.9545454545454546, 1.0, 1.0, 1.0, 1.0], [0.9090909090909091, 0.9090909090909091, 0.9545454545454546, 1.0, 1.0], [0.5909090909090909, 0.8181818181818182, 0.9545454545454546, 1.0, 1.0]], "transformer.h.4": [[0.8181818181818182, 1.0, 1.0, 1.0, 1.0], [0.9090909090909091, 0.9545454545454546, 1.0, 1.0, 1.0], [0.5, 0.6363636363636364, 0.6818181818181818, 0.7272727272727273, 0.7272727272727273], [0.6363636363636364, 0.8636363636363636, 0.9545454545454546, 1.0, 1.0], [0.7272727272727273, 0.8636363636363636, 0.9545454545454546, 1.0, 1.0], [0.8636363636363636, 0.9545454545454546, 1.0, 1.0, 1.0], [0.7272727272727273, 0.8181818181818182, 0.9090909090909091, 0.9090909090909091, 0.9090909090909091], [0.9545454545454546, 1.0, 1.0, 1.0, 1.0], [0.9545454545454546, 0.9545454545454546, 1.0, 1.0, 1.0], [0.6363636363636364, 0.7272727272727273, 0.9090909090909091, 0.9090909090909091, 1.0]], "transformer.h.5": [[0.8636363636363636, 1.0, 1.0, 1.0, 1.0], [0.9090909090909091, 0.9545454545454546, 1.0, 1.0, 1.0], [0.5909090909090909, 0.6363636363636364, 0.7272727272727273, 0.7727272727272727, 0.7727272727272727], [0.8636363636363636, 0.9545454545454546, 0.9545454545454546, 1.0, 1.0], [0.7727272727272727, 0.9545454545454546, 1.0, 1.0, 1.0], [0.9090909090909091, 1.0, 1.0, 1.0, 1.0], [0.6818181818181818, 0.8636363636363636, 0.9090909090909091, 0.9545454545454546, 0.9545454545454546], [1.0, 1.0, 1.0, 1.0, 1.0], [0.9545454545454546, 1.0, 1.0, 1.0, 1.0], [0.8181818181818182, 1.0, 1.0, 1.0, 1.0]], "transformer.h.6": [[0.8181818181818182, 1.0, 1.0, 1.0, 1.0], [0.9090909090909091, 0.9545454545454546, 1.0, 1.0, 1.0], [0.5909090909090909, 0.6363636363636364, 0.7727272727272727, 0.7727272727272727, 0.7727272727272727], [0.9090909090909091, 1.0, 1.0, 1.0, 1.0], [0.8636363636363636, 1.0, 1.0, 1.0, 1.0], [0.9545454545454546, 1.0, 1.0, 1.0, 1.0], [0.6363636363636364, 0.8181818181818182, 0.8636363636363636, 0.9090909090909091, 0.9545454545454546], [1.0, 1.0, 1.0, 1.0, 1.0], [1.0, 1.0, 1.0, 1.0, 1.0], [0.9545454545454546, 1.0, 1.0, 1.0, 1.0]], "transformer.h.7": [[0.8181818181818182, 0.9545454545454546, 1.0, 1.0, 1.0], [0.9090909090909091, 1.0, 1.0, 1.0, 1.0], [0.6363636363636364, 0.6818181818181818, 0.7727272727272727, 0.7727272727272727, 0.7727272727272727], [0.8636363636363636, 0.9545454545454546, 0.9545454545454546, 1.0, 1.0], [0.8636363636363636, 1.0, 1.0, 1.0, 1.0], [0.9545454545454546, 1.0, 1.0, 1.0, 1.0], [0.7272727272727273, 0.8181818181818182, 0.9090909090909091, 0.9090909090909091, 0.9545454545454546], [1.0, 1.0, 1.0, 1.0, 1.0], [0.9545454545454546, 1.0, 1.0, 1.0, 1.0], [0.9545454545454546, 1.0, 1.0, 1.0, 1.0]], "transformer.h.8": [[0.8181818181818182, 1.0, 1.0, 1.0, 1.0], [0.9545454545454546, 1.0, 1.0, 1.0, 1.0], [0.7272727272727273, 0.7272727272727273, 0.8181818181818182, 0.8636363636363636, 0.8636363636363636], [0.9090909090909091, 0.9545454545454546, 0.9545454545454546, 0.9545454545454546, 0.9545454545454546], [0.8181818181818182, 1.0, 1.0, 1.0, 1.0], [0.9545454545454546, 0.9545454545454546, 1.0, 1.0, 1.0], [0.7727272727272727, 0.8181818181818182, 0.9090909090909091, 1.0, 1.0], [0.9545454545454546, 1.0, 1.0, 1.0, 1.0], [0.9545454545454546, 1.0, 1.0, 1.0, 1.0], [0.9545454545454546, 0.9545454545454546, 1.0, 1.0, 1.0]], "transformer.h.9": [[0.9090909090909091, 1.0, 1.0, 1.0, 1.0], [0.9545454545454546, 1.0, 1.0, 1.0, 1.0], [0.7272727272727273, 0.7727272727272727, 0.8636363636363636, 0.8636363636363636, 0.8636363636363636], [0.8636363636363636, 0.9545454545454546, 0.9545454545454546, 0.9545454545454546, 0.9545454545454546], [0.8636363636363636, 0.9090909090909091, 1.0, 1.0, 1.0], [0.9545454545454546, 0.9545454545454546, 0.9545454545454546, 0.9545454545454546, 1.0], [0.7727272727272727, 0.9090909090909091, 0.9545454545454546, 1.0, 1.0], [1.0, 1.0, 1.0, 1.0, 1.0], [0.9545454545454546, 1.0, 1.0, 1.0, 1.0], [0.9545454545454546, 0.9545454545454546, 1.0, 1.0, 1.0]], "transformer.h.10": [[0.8636363636363636, 0.9545454545454546, 0.9545454545454546, 1.0, 1.0], [0.9545454545454546, 0.9545454545454546, 1.0, 1.0, 1.0], [0.6818181818181818, 0.7727272727272727, 0.7727272727272727, 0.7727272727272727, 0.8181818181818182], [0.8636363636363636, 0.9545454545454546, 0.9545454545454546, 0.9545454545454546, 0.9545454545454546], [0.8636363636363636, 0.9545454545454546, 0.9545454545454546, 1.0, 1.0], [0.9545454545454546, 0.9545454545454546, 1.0, 1.0, 1.0], [0.7272727272727273, 0.8636363636363636, 0.8636363636363636, 0.9545454545454546, 1.0], [1.0, 1.0, 1.0, 1.0, 1.0], [0.9545454545454546, 0.9545454545454546, 1.0, 1.0, 1.0], [0.9545454545454546, 0.9545454545454546, 1.0, 1.0, 1.0]],