{
    "P17": {
        "jacobian": [
            0.9066339066339066,
            {
                "out_of": 407,
                "tick": 369
            }
        ],
        "identity": [
            0.7518427518427518,
            {
                "out_of": 407,
                "tick": 306
            }
        ],
        "vocab_repr": [
            [
                " China",
                58.46
            ],
            [
                " Albania",
                57.86
            ],
            [
                " Tunisia",
                57.827
            ],
            [
                " Estonia",
                57.787
            ],
            [
                " Bahrain",
                57.77
            ]
        ],
        "corner_norm": 22.859743118286133
    },
    "P641": {
        "jacobian": [
            0.7346938775510204,
            {
                "out_of": 196,
                "tick": 144
            }
        ],
        "identity": [
            0.9846938775510204,
            {
                "out_of": 196,
                "tick": 193
            }
        ],
        "vocab_repr": [
            [
                " soccer",
                116.172
            ],
            [
                " baseball",
                115.898
            ],
            [
                " football",
                115.609
            ],
            [
                " hockey",
                115.401
            ],
            [
                " basketball",
                115.207
            ]
        ],
        "corner_norm": 21.381254196166992
    },
    "P103": {
        "jacobian": [
            0.9543624161073826,
            {
                "out_of": 745,
                "tick": 711
            }
        ],
        "identity": [
            0.9718120805369127,
            {
                "out_of": 745,
                "tick": 724
            }
        ],
        "vocab_repr": [
            [
                " Croatian",
                81.27
            ],
            [
                " Turkish",
                81.268
            ],
            [
                " Swedish",
                81.267
            ],
            [
                " Italian",
                81.206
            ],
            [
                " Finnish",
                81.194
            ]
        ],
        "corner_norm": 29.54885482788086
    },
    "P176": {
        "jacobian": [
            0.4099264705882353,
            {
                "out_of": 544,
                "tick": 223
            }
        ],
        "identity": [
            0.7169117647058824,
            {
                "out_of": 544,
                "tick": 390
            }
        ],
        "vocab_repr": [
            [
                " Ford",
                68.284
            ],
            [
                " Mercedes",
                63.664
            ],
            [
                " Volkswagen",
                59.98
            ],
            [
                " Chrysler",
                59.2
            ],
            [
                " Renault",
                59.177
            ]
        ],
        "corner_norm": 25.52078628540039
    },
    "P140": {
        "jacobian": [
            0.9726775956284153,
            {
                "out_of": 183,
                "tick": 178
            }
        ],
        "identity": [
            0.9180327868852459,
            {
                "out_of": 183,
                "tick": 168
            }
        ],
        "vocab_repr": [
            [
                " Christianity",
                85.081
            ],
            [
                " Christian",
                84.815
            ],
            [
                " Buddhism",
                84.729
            ],
            [
                " Islam",
                84.633
            ],
            [
                " Judaism",
                84.398
            ]
        ],
        "corner_norm": 27.48402214050293
    },
    "P178": {
        "jacobian": [
            0.7231920199501247,
            {
                "out_of": 401,
                "tick": 290
            }
        ],
        "identity": [
            0.8503740648379052,
            {
                "out_of": 401,
                "tick": 341
            }
        ],
        "vocab_repr": [
            [
                " Microsoft",
                71.773
            ],
            [
                " Samsung",
                71.604
            ],
            [
                " IBM",
                71.57
            ],
            [
                " Boeing",
                71.558
            ],
            [
                " Sega",
                71.524
            ]
        ],
        "corner_norm": 28.995100021362305
    },
    "P495": {
        "jacobian": [
            0.88125,
            {
                "out_of": 160,
                "tick": 141
            }
        ],
        "identity": [
            0.81875,
            {
                "out_of": 160,
                "tick": 131
            }
        ],
        "vocab_repr": [
            [
                " China",
                66.813
            ],
            [
                " Nigeria",
                65.59
            ],
            [
                " Belarus",
                64.718
            ],
            [
                " Lithuania",
                64.696
            ],
            [
                " Norway",
                64.672
            ]
        ],
        "corner_norm": 24.96476936340332
    },
    "P127": {
        "jacobian": [
            0.08571428571428572,
            {
                "out_of": 105,
                "tick": 9
            }
        ],
        "identity": [
            0.0380952380952381,
            {
                "out_of": 105,
                "tick": 4
            }
        ],
        "vocab_repr": [
            [
                " Tampa",
                35.487
            ],
            [
                " Bristol",
                35.473
            ],
            [
                " Brazil",
                34.591
            ],
            [
                " Lebanon",
                34.484
            ],
            [
                " Columbia",
                34.295
            ]
        ],
        "corner_norm": 19.64012908935547
    },
    "P159": {
        "jacobian": [
            0.660377358490566,
            {
                "out_of": 159,
                "tick": 105
            }
        ],
        "identity": [
            0.06918238993710692,
            {
                "out_of": 159,
                "tick": 11
            }
        ],
        "vocab_repr": [
            [
                " Bel",
                33.981
            ],
            [
                " Cal",
                33.492
            ],
            [
                " Mal",
                33.105
            ],
            [
                " Buch",
                32.949
            ],
            [
                " St",
                32.88
            ]
        ],
        "corner_norm": 19.516788482666016
    },
    "P20": {
        "jacobian": [
            0.27586206896551724,
            {
                "out_of": 145,
                "tick": 40
            }
        ],
        "identity": [
            0.06206896551724138,
            {
                "out_of": 145,
                "tick": 9
            }
        ],
        "vocab_repr": [
            [
                " Wood",
                32.388
            ],
            [
                " Richmond",
                31.794
            ],
            [
                " Normandy",
                31.413
            ],
            [
                " Kansas",
                31.314
            ],
            [
                " Sierra",
                31.294
            ]
        ],
        "corner_norm": 19.468341827392578
    },