{
    "optimal_layer": 12,
    "results": {
        "0.1": {
            "recall_lm": [
                1.0,
                1.0,
                1.0,
                1.0,
                1.0
            ],
            "recall_lre": [
                0.3741496503353119,
                0.5714285969734192,
                0.7891156077384949,
                0.8843536972999573,
                0.9455782771110535
            ],
            "recall_zs": [
                0.2312925159931183,
                0.4217686951160431,
                0.6190475821495056,
                0.7210884094238281,
                0.7346938848495483
            ],
            "recall_pd": [
                0.9047619700431824,
                0.9659863710403442,
                0.9795917868614197,
                0.9863945245742798,
                0.9863945841789246
            ],
            "recall_lens": [
                0.3265306353569031,
                0.5374149680137634,
                0.7619047164916992,
                0.8911564946174622,
                0.9455782175064087
            ],
            "recall_lre_if_lm_correct": [
                0.3741496503353119,
                0.5714285969734192,
                0.7891156077384949,
                0.8843536972999573,
                0.9455782771110535
            ],
            "recall_lre_if_lm_wrong": NaN,
            "count_lm_correct": 147,
            "count_lm_wrong": 0
        }
    }
}