{
    "P17": {
        "out_of": 404,
        "identity_acc": [
            0.8613861386138614,
            0.8688118811881188,
            0.8589108910891089,
            0.8613861386138614,
            0.8663366336633663,
            0.8589108910891089,
            0.8737623762376238,
            0.8638613861386139,
            0.8613861386138614,
            0.8613861386138614
        ],
        "jacobian_acc": [
            0.7648514851485149,
            0.8316831683168316,
            0.7945544554455446,
            0.6608910891089109,
            0.8143564356435643,
            0.806930693069307,
            0.5816831683168316,
            0.7202970297029703,
            0.8292079207920792,
            0.7029702970297029
        ],
        "freq_acc": 0.09653465346534654
    },
    "P641": {
        "out_of": 195,
        "identity_acc": [
            0.9846153846153847,
            0.9846153846153847,
            0.9846153846153847,
            0.9846153846153847,
            0.9846153846153847,
            0.9846153846153847,
            0.9846153846153847,
            0.9846153846153847,
            0.9846153846153847,
            0.9846153846153847
        ],
        "jacobian_acc": [
            0.9230769230769231,
            0.8923076923076924,
            0.9230769230769231,
            0.8769230769230769,
            0.8974358974358975,
            0.9025641025641026,
            0.8102564102564103,
            0.9282051282051282,
            0.9128205128205128,
            0.8923076923076924
        ],
        "freq_acc": 0.26666666666666666
    },
    "P103": {
        "out_of": 317,
        "identity_acc": [
            0.9810725552050473,
            0.9779179810725552,
            0.9716088328075709,
            0.9747634069400631,
            0.9779179810725552,
            0.9810725552050473,
            0.9747634069400631,
            0.9810725552050473,
            0.9716088328075709,
            0.9779179810725552
        ],
        "jacobian_acc": [
            0.9274447949526814,
            0.9400630914826499,
            0.9274447949526814,
            0.943217665615142,
            0.9495268138801262,
            0.9400630914826499,
            0.9621451104100947,
            0.9621451104100947,
            0.943217665615142,
            0.9463722397476341
        ],
        "freq_acc": 0.6340694006309149
    },
    "P176": {
        "out_of": 543,
        "identity_acc": [
            0.8103130755064457,
            0.7992633517495396,
            0.8066298342541437,
            0.8066298342541437,
            0.8011049723756906,
            0.7863720073664825,
            0.8084714548802947,
            0.7882136279926335,
            0.8047882136279927,
            0.8066298342541437
        ],
        "jacobian_acc": [
            0.06998158379373849,
            0.4162062615101289,
            0.17679558011049723,
            0.48987108655616945,
            0.4088397790055249,
            0.3001841620626151,
            0.08103130755064457,
            0.4419889502762431,
            0.4972375690607735,
            0.5469613259668509
        ],
        "freq_acc": 0.13627992633517497
    },
    "P140": {
        "out_of": 182,
        "identity_acc": [
            0.8956043956043956,
            0.9340659340659341,
            0.9175824175824175,
            0.9230769230769231,
            0.9120879120879121,
            0.9395604395604396,
            0.9340659340659341,
            0.8846153846153846,
            0.9010989010989011,
            0.9175824175824175
        ],
        "jacobian_acc": [
            0.989010989010989,
            0.989010989010989,
            0.978021978021978,
            0.978021978021978,
            0.989010989010989,
            0.9835164835164835,
            0.978021978021978,
            0.978021978021978,
            0.978021978021978,
            0.967032967032967
        ],
        "freq_acc": 0.8186813186813187
    },
    "P178": {
        "out_of": 400,
        "identity_acc": [
            0.9,
            0.9025,
            0.9025,
            0.9075,
            0.8975,
            0.905,
            0.9075,
            0.9,
            0.8875,
            0.89
        ],
        "jacobian_acc": [
            0.5025,
            0.805,
            0.4,
            0.305,
            0.52,
            0.59,
            0.315,
            0.64,
            0.765,
            0.26
        ],
        "freq_acc": 0.3425
    },
    "P495": {
        "out_of": 160,
        "identity_acc": [
            0.88125,
            0.8625,
            0.8625,
            0.86875,
            0.875,
            0.86875,
            0.85625,
            0.8625,
            0.86875,
            0.8625
        ],
        "jacobian_acc": [
            0.83125,
            0.74375,
            0.71875,
            0.8875,
            0.74375,
            0.75,
            0.85,
            0.76875,
            0.75,
            0.85
        ],
        "freq_acc": 0.33125
    },
    "P127": {
        "out_of": 105,
        "identity_acc": [
            0.3047619047619048,
            0.3238095238095238,
            0.3142857142857143,
            0.3047619047619048,
            0.3333333333333333,
            0.3047619047619048,
            0.3238095238095238,
            0.29523809523809524,
            0.3238095238095238,
            0.3142857142857143
        ],
        "jacobian_acc": [
            0.047619047619047616,
            0.01904761904761905,
            0.08571428571428572,
            0.06666666666666667,
            0.0761904761904762,
            0.17142857142857143,
            0.08571428571428572,
            0.10476190476190476,
            0.09523809523809523,
            0.10476190476190476
        ],
        "freq_acc": 0.3904761904761905
    },
    "P159": {
        "out_of": 157,
        "identity_acc": [
            0.3821656050955414,
            0.3503184713375796,
            0.36942675159235666,
            0.3630573248407643,
            0.36942675159235666,
            0.3821656050955414,
            0.35668789808917195,
            0.39490445859872614,
            0.36942675159235666,
            0.3503184713375796
        ],
        "jacobian_acc": [
            0.6624203821656051,
            0.7070063694267515,
            0.7133757961783439,
            0.7388535031847133,
            0.7006369426751592,
            0.6751592356687898,
            0.6751592356687898,
            0.643312101910828,
            0.6751592356687898,
            0.6305732484076433
        ],
        "freq_acc": 0.07006369426751592
    },
    "P20": {
        "out_of": 144,
        "identity_acc": [
            0.5694444444444444,
            0.5902777777777778,
            0.5972222222222222,
            0.5763888888888888,
            0.5833333333333334,
            0.5833333333333334,
            0.5555555555555556,
            0.5625,
            0.5902777777777778,
            0.5972222222222222
        ],
        "jacobian_acc": [
            0.06944444444444445,
            0.2847222222222222,
            0.3958333333333333,
            0.034722222222222224,
            0.041666666666666664,
            0.09722222222222222,
            0.3194444444444444,
            0.5277777777777778,
            0.1111111111111111,
            0.0625
        ],
        "freq_acc": 0.2569444444444444
    },
    "P106": {
        "out_of": 233,
        "identity_acc": [
            0.12446351931330472,
            0.11587982832618025,
            0.12875536480686695,
            0.12446351931330472,
            0.12875536480686695,
            0.12017167381974249,
            0.11587982832618025,
            0.12446351931330472,
            0.12017167381974249,
            0.12017167381974249
        ],