{
    "P17": {
        "corner_acc": {
            "layer_7": 0.2599009900990099,
            "layer_8": 0.30445544554455445,
            "layer_9": 0.28465346534653463,
            "layer_10": 0.3589108910891089,
            "layer_11": 0.3613861386138614,
            "layer_12": 0.8292079207920792,
            "layer_13": 0.8316831683168316,
            "layer_14": 0.8712871287128713,
            "layer_15": 0.8613861386138614,
            "layer_16": 0.9331683168316832,
            "layer_17": 0.9282178217821783,
            "layer_18": 0.9257425742574258,
            "layer_19": 0.9356435643564357,
            "layer_20": 0.9306930693069307
        },
        "freq_acc": 0.09653465346534654,
        "out_of": 404
    },
    "P641": {
        "corner_acc": {
            "layer_7": 0.8358974358974359,
            "layer_8": 0.8666666666666667,
            "layer_9": 0.8871794871794871,
            "layer_10": 0.8974358974358975,
            "layer_11": 0.9333333333333333,
            "layer_12": 0.9794871794871794,
            "layer_13": 0.9794871794871794,
            "layer_14": 0.9794871794871794,
            "layer_15": 0.9846153846153847,
            "layer_16": 0.9846153846153847,
            "layer_17": 0.9846153846153847,
            "layer_18": 0.9846153846153847,
            "layer_19": 1.0,
            "layer_20": 0.9948717948717949
        },
        "freq_acc": 0.26666666666666666,
        "out_of": 195
    },
    "P103": {
        "corner_acc": {
            "layer_7": 0.750788643533123,
            "layer_8": 0.7854889589905363,
            "layer_9": 0.8138801261829653,
            "layer_10": 0.8359621451104101,
            "layer_11": 0.8454258675078864,
            "layer_12": 0.9621451104100947,
            "layer_13": 0.9684542586750788,
            "layer_14": 0.9779179810725552,
            "layer_15": 0.9810725552050473,
            "layer_16": 0.9905362776025236,
            "layer_17": 0.9905362776025236,
            "layer_18": 0.9936908517350158,
            "layer_19": 0.9968454258675079,
            "layer_20": 0.9936908517350158
        },
        "freq_acc": 0.6340694006309149,
        "out_of": 317
    },
    "P176": {
        "corner_acc": {
            "layer_7": 0.3388581952117864,
            "layer_8": 0.3370165745856354,
            "layer_9": 0.30570902394106814,
            "layer_10": 0.4088397790055249,
            "layer_11": 0.3848987108655617,
            "layer_12": 0.8397790055248618,
            "layer_13": 0.8029465930018416,
            "layer_14": 0.8195211786372008,
            "layer_15": 0.8047882136279927,
            "layer_16": 0.9244935543278084,
            "layer_17": 0.9502762430939227,
            "layer_18": 0.9502762430939227,
            "layer_19": 0.9723756906077348,
            "layer_20": 0.9686924493554327
        },
        "freq_acc": 0.13627992633517497,
        "out_of": 543
    },
    "P140": {
        "corner_acc": {
            "layer_7": 0.7747252747252747,
            "layer_8": 0.6428571428571429,
            "layer_9": 0.6923076923076923,
            "layer_10": 0.6648351648351648,
            "layer_11": 0.6703296703296703,
            "layer_12": 0.9340659340659341,
            "layer_13": 0.8901098901098901,
            "layer_14": 0.8571428571428571,
            "layer_15": 0.9010989010989011,
            "layer_16": 0.9560439560439561,
            "layer_17": 0.9505494505494505,
            "layer_18": 0.967032967032967,
            "layer_19": 0.967032967032967,
            "layer_20": 0.967032967032967
        },
        "freq_acc": 0.8186813186813187,
        "out_of": 182
    },
    "P178": {
        "corner_acc": {
            "layer_7": 0.655,
            "layer_8": 0.66,
            "layer_9": 0.59,
            "layer_10": 0.7175,
            "layer_11": 0.6525,
            "layer_12": 0.9275,
            "layer_13": 0.9075,
            "layer_14": 0.905,
            "layer_15": 0.89,
            "layer_16": 0.9275,
            "layer_17": 0.9175,
            "layer_18": 0.9075,
            "layer_19": 0.905,
            "layer_20": 0.9075
        },
        "freq_acc": 0.3425,
        "out_of": 400
    },
    "P495": {
        "corner_acc": {
            "layer_7": 0.3375,
            "layer_8": 0.375,
            "layer_9": 0.375,
            "layer_10": 0.46875,
            "layer_11": 0.475,
            "layer_12": 0.85625,
            "layer_13": 0.875,
            "layer_14": 0.89375,
            "layer_15": 0.85,
            "layer_16": 0.925,
            "layer_17": 0.9125,
            "layer_18": 0.89375,
            "layer_19": 0.91875,
            "layer_20": 0.89375
        },
        "freq_acc": 0.33125,
        "out_of": 160
    },
    "P127": {
        "corner_acc": {
            "layer_7": 0.05714285714285714,
            "layer_8": 0.05714285714285714,
            "layer_9": 0.0761904761904762,
            "layer_10": 0.10476190476190476,
            "layer_11": 0.06666666666666667,
            "layer_12": 0.4095238095238095,
            "layer_13": 0.38095238095238093,
            "layer_14": 0.38095238095238093,
            "layer_15": 0.3047619047619048,
            "layer_16": 0.47619047619047616,
            "layer_17": 0.5047619047619047,
            "layer_18": 0.5142857142857142,
            "layer_19": 0.5523809523809524,
            "layer_20": 0.5428571428571428
        },
        "freq_acc": 0.3904761904761905,
        "out_of": 105
    },
    "P159": {
        "corner_acc": {
            "layer_7": 0.08280254777070063,
            "layer_8": 0.09554140127388536,
            "layer_9": 0.07643312101910828,
            "layer_10": 0.1592356687898089,
            "layer_11": 0.14012738853503184,
            "layer_12": 0.4585987261146497,
            "layer_13": 0.43312101910828027,
            "layer_14": 0.46496815286624205,
            "layer_15": 0.39490445859872614,
            "layer_16": 0.5159235668789809,
            "layer_17": 0.5477707006369427,
            "layer_18": 0.535031847133758,
            "layer_19": 0.5222929936305732,
            "layer_20": 0.5477707006369427
        },
        "freq_acc": 0.07006369426751592,
        "out_of": 157
    },
    "P20": {
        "corner_acc": {
            "layer_7": 0.2708333333333333,
            "layer_8": 0.2986111111111111,
            "layer_9": 0.2986111111111111,
            "layer_10": 0.3472222222222222,
            "layer_11": 0.375,
            "layer_12": 0.6041666666666666,
            "layer_13": 0.5763888888888888,
            "layer_14": 0.5694444444444444,
            "layer_15": 0.5555555555555556,
            "layer_16": 0.5902777777777778,
            "layer_17": 0.6180555555555556,
            "layer_18": 0.6041666666666666,
            "layer_19": 0.5763888888888888,
            "layer_20": 0.5486111111111112
        },
        "freq_acc": 0.2569444444444444,
        "out_of": 144
    },
    "P106": {
        "corner_acc": {
            "layer_7": 0.0815450643776824,
            "layer_8": 0.060085836909871244,
            "layer_9": 0.13304721030042918,
            "layer_10": 0.13733905579399142,
            "layer_11": 0.11158798283261803,
            "layer_12": 0.1630901287553648,
            "layer_13": 0.13733905579399142,
            "layer_14": 0.1459227467811159,
            "layer_15": 0.12017167381974249,
            "layer_16": 0.15450643776824036,
            "layer_17": 0.19313304721030042,
            "layer_18": 0.17167381974248927,
            "layer_19": 0.1459227467811159,
            "layer_20": 0.15450643776824036
        },
        "freq_acc": 0.9141630901287554,
        "out_of": 233
    },
    "P30": {
        "corner_acc": {
            "layer_7": 0.7872807017543859,
            "layer_8": 0.8114035087719298,
            "layer_9": 0.8245614035087719,
            "layer_10": 0.868421052631579,
            "layer_11": 0.8706140350877193,
            "layer_12": 0.9627192982456141,
            "layer_13": 0.9671052631578947,